canton_id	canton_name	type_article	region	departement
01	Ambérieu-en-Bugey	1	82	01
02	Attignat	1	82	01
03	Bellegarde-sur-Valserine	0	82	01
04	Belley	0	82	01
05	Bourg-en-Bresse-1	0	82	01
06	Bourg-en-Bresse-2	0	82	01
07	Ceyzériat	0	82	01
08	Châtillon-sur-Chalaronne	0	82	01
09	Gex	0	82	01
10	Hauteville-Lompnes	0	82	01
11	Lagnieu	0	82	01
12	Meximieux	0	82	01
13	Miribel	0	82	01
14	Nantua	0	82	01
15	Oyonnax	1	82	01
16	Pont-d'Ain	0	82	01
17	Replonges	0	82	01
18	Saint-Étienne-du-Bois	0	82	01
19	Saint-Genis-Pouilly	0	82	01
20	Thoiry	0	82	01
21	Trévoux	0	82	01
22	Villars-les-Dombes	0	82	01
23	Vonnas	0	82	01
01	Bohain-en-Vermandois	0	22	02
02	Château-Thierry	0	22	02
03	Chauny	0	22	02
04	Essômes-sur-Marne	1	22	02
05	Fère-en-Tardenois	0	22	02
06	Guignicourt	0	22	02
07	Guise	0	22	02
08	Hirson	1	22	02
09	Laon-1	0	22	02
10	Laon-2	0	22	02
11	Marle	0	22	02
12	Ribemont	0	22	02
13	Saint-Quentin-1	0	22	02
14	Saint-Quentin-2	0	22	02
15	Saint-Quentin-3	0	22	02
16	Soissons-1	0	22	02
17	Soissons-2	0	22	02
18	Tergnier	0	22	02
19	Vervins	0	22	02
20	Vic-sur-Aisne	0	22	02
21	Villers-Cotterêts	0	22	02
01	Bellerive-sur-Allier	0	83	03
02	Bourbon-l'Archambault	0	83	03
03	Commentry	0	83	03
04	Cusset	0	83	03
05	Dompierre-sur-Besbre	0	83	03
06	Gannat	0	83	03
07	Huriel	1	83	03
08	Lapalisse	0	83	03
09	Montluçon-1	0	83	03
10	Montluçon-2	0	83	03
11	Montluçon-3	0	83	03
12	Montluçon-4	0	83	03
13	Moulins-1	0	83	03
14	Moulins-2	0	83	03
15	Saint-Pourçain-sur-Sioule	0	83	03
16	Souvigny	0	83	03
17	Vichy-1	0	83	03
18	Vichy-2	0	83	03
19	Yzeure	1	83	03
01	Barcelonnette	0	93	04
02	Castellane	0	93	04
03	Château-Arnoux-Saint-Auban	0	93	04
04	Digne-les-Bains-1	0	93	04
05	Digne-les-Bains-2	0	93	04
06	Forcalquier	0	93	04
07	Manosque-1	0	93	04
08	Manosque-2	0	93	04
09	Manosque-3	0	93	04
10	Oraison	1	93	04
11	Reillanne	0	93	04
12	Riez	0	93	04
13	Seyne	0	93	04
14	Sisteron	0	93	04
15	Valensole	0	93	04
01	Argentière-la-Bessée	5	93	05
02	Briançon-1	0	93	05
03	Briançon-2	0	93	05
04	Chorges	0	93	05
05	Embrun	1	93	05
06	Gap-1	0	93	05
07	Gap-2	0	93	05
08	Gap-3	0	93	05
09	Gap-4	0	93	05
10	Guillestre	0	93	05
11	Laragne-Montéglin	0	93	05
12	Saint-Bonnet-en-Champsaur	0	93	05
13	Serres	0	93	05
14	Tallard	0	93	05
15	Veynes	0	93	05
01	Antibes-1	1	93	06
02	Antibes-2	1	93	06
03	Antibes-3	1	93	06
04	Beausoleil	0	93	06
05	Cagnes-sur-Mer-1	0	93	06
06	Cagnes-sur-Mer-2	0	93	06
07	Cannes-1	0	93	06
08	Cannes-2	0	93	06
09	Cannet	2	93	06
10	Contes	0	93	06
11	Grasse-1	0	93	06
12	Grasse-2	0	93	06
13	Mandelieu-la-Napoule	0	93	06
14	Menton	0	93	06
15	Nice-1	0	93	06
16	Nice-2	0	93	06
17	Nice-3	0	93	06
18	Nice-4	0	93	06
19	Nice-5	0	93	06
20	Nice-6	0	93	06
21	Nice-7	0	93	06
22	Nice-8	0	93	06
23	Nice-9	0	93	06
24	Tourrette-Levens	0	93	06
25	Valbonne	0	93	06
26	Vence	0	93	06
27	Villeneuve-Loubet	0	93	06
01	Annonay-1	1	82	07
02	Annonay-2	1	82	07
03	Aubenas-1	1	82	07
04	Aubenas-2	1	82	07
05	Bourg-Saint-Andéol	0	82	07
06	Cheylard	2	82	07
07	Guilherand-Granges	0	82	07
08	Lamastre	0	82	07
09	Pouzin	2	82	07
10	Privas	0	82	07
11	Sarras	0	82	07
12	Teil	2	82	07
13	Thueyts	0	82	07
14	Tournon-sur-Rhône	0	82	07
15	Vallon-Pont-d'Arc	0	82	07
16	Vans	4	82	07
17	Voulte-sur-Rhône	3	82	07
01	Attigny	1	21	08
02	Bogny-sur-Meuse	0	21	08
03	Carignan	0	21	08
04	Charleville-Mézières-1	0	21	08
05	Charleville-Mézières-2	0	21	08
06	Charleville-Mézières-3	0	21	08
07	Charleville-Mézières-4	0	21	08
08	Château-Porcien	0	21	08
09	Givet	0	21	08
10	Nouvion-sur-Meuse	0	21	08
11	Rethel	0	21	08
12	Revin	0	21	08
13	Rocroi	0	21	08
14	Sedan-1	0	21	08
15	Sedan-2	0	21	08
16	Sedan-3	0	21	08
17	Signy-l'Abbaye	0	21	08
18	Villers-Semeuse	0	21	08
19	Vouziers	0	21	08
01	Haute-Ariège	0	73	09
02	Arize-Lèze	1	73	09
03	Couserans Est	0	73	09
04	Couserans Ouest	0	73	09
05	Foix	0	73	09
06	Mirepoix	0	73	09
07	Pamiers-1	0	73	09
08	Pamiers-2	0	73	09
09	Pays d'Olmes	0	73	09
10	Portes d'Ariège	0	73	09
11	Portes du Couserans	0	73	09
12	Sabarthès	0	73	09
13	Val d'Ariège	0	73	09
01	Aix-en-Othe	1	21	10
02	Arcis-sur-Aube	1	21	10
03	Bar-sur-Aube	0	21	10
04	Bar-sur-Seine	0	21	10
05	Brienne-le-Château	0	21	10
06	Creney-près-Troyes	0	21	10
07	Nogent-sur-Seine	0	21	10
08	Riceys	4	21	10
09	Romilly-sur-Seine	0	21	10
10	Saint-André-les-Vergers	0	21	10
11	Saint-Lyé	0	21	10
12	Troyes-1	0	21	10
13	Troyes-2	0	21	10
14	Troyes-3	0	21	10
15	Troyes-4	0	21	10
16	Troyes-5	0	21	10
17	Vendeuvre-sur-Barse	0	21	10
01	Bram	0	91	11
02	Carcassonne-1	0	91	11
03	Carcassonne-2	0	91	11
04	Carcassonne-3	0	91	11
05	Castelnaudary	0	91	11
06	Coursan	0	91	11
07	Fabrezan	0	91	11
08	Lézignan-Corbières	0	91	11
09	Limoux	0	91	11
10	Montréal	0	91	11
11	Narbonne-1	0	91	11
12	Narbonne-2	0	91	11
13	Narbonne-3	0	91	11
14	Quillan	0	91	11
15	Rieux-Minervois	0	91	11
16	Sallèles-d'Aude	0	91	11
17	Sigean	0	91	11
18	Trèbes	0	91	11
19	Villemoustaussou	0	91	11
01	Aubrac et Carladez	1	73	12
02	Aveyron et Tarn	1	73	12
03	Causse-Comtal	0	73	12
04	Causses-Rougiers	0	73	12
05	Ceor-Ségala	0	73	12
06	Enne et Alzou	1	73	12
07	Lot et Dourdou	0	73	12
08	Lot et Montbazinois	0	73	12
09	Lot et Palanges	0	73	12
10	Lot et Truyère	0	73	12
11	Millau-1	0	73	12
12	Millau-2	0	73	12
13	Monts du Réquistanais	0	73	12
14	Nord-Lévezou	0	73	12
15	Raspes et Lévezou	0	73	12
16	Rodez-1	0	73	12
17	Rodez-2	0	73	12
18	Rodez-Onet	0	73	12
19	Saint-Affrique	0	73	12
20	Tarn et Causses	0	73	12
21	Vallon	0	73	12
22	Villefranche-de-Rouergue	0	73	12
23	Villeneuvois et Villefranchois	0	73	12
01	Aix-en-Provence-1	1	93	13
02	Aix-en-Provence-2	1	93	13
03	Allauch	1	93	13
04	Arles	1	93	13
05	Aubagne	1	93	13
06	Berre-l'Étang	0	93	13
07	Châteaurenard	0	93	13
08	Ciotat	3	93	13
09	Gardanne	0	93	13
10	Istres	1	93	13
11	Marignane	0	93	13
12	Marseille-1	0	93	13
13	Marseille-2	0	93	13
14	Marseille-3	0	93	13
15	Marseille-4	0	93	13
16	Marseille-5	0	93	13
17	Marseille-6	0	93	13
18	Marseille-7	0	93	13
19	Marseille-8	0	93	13
20	Marseille-9	0	93	13
21	Marseille-10	0	93	13
22	Marseille-11	0	93	13
23	Marseille-12	0	93	13
24	Martigues	0	93	13
25	Pélissanne	0	93	13
26	Salon-de-Provence-1	0	93	13
27	Salon-de-Provence-2	0	93	13
28	Trets	0	93	13
29	Vitrolles	0	93	13
01	Aunay-sur-Odon	1	25	14
02	Bayeux	0	25	14
03	Bretteville-l'Orgueilleuse	0	25	14
04	Cabourg	0	25	14
05	Caen-1	0	25	14
06	Caen-2	0	25	14
07	Caen-3	0	25	14
08	Caen-4	0	25	14
09	Caen-5	0	25	14
10	Condé-sur-Noireau	0	25	14
11	Courseulles-sur-Mer	0	25	14
12	Évrecy	1	25	14
13	Falaise	0	25	14
14	Hérouville-Saint-Clair	1	25	14
15	Honfleur-Deauville	0	25	14
16	Ifs	1	25	14
17	Lisieux	0	25	14
18	Livarot	0	25	14
19	Mézidon-Canon	0	25	14
20	Ouistreham	1	25	14
21	Pont-l'Évêque	0	25	14
22	Thury-Harcourt	0	25	14
23	Trévières	0	25	14
24	Troarn	0	25	14
25	Vire	0	25	14
01	Arpajon-sur-Cère	1	83	15
02	Aurillac-1	1	83	15
03	Aurillac-2	1	83	15
04	Aurillac-3	1	83	15
05	Mauriac	0	83	15
06	Maurs	0	83	15
07	Murat	0	83	15
08	Naucelles	0	83	15
09	Neuvéglise	0	83	15
10	Riom-ès-Montagnes	0	83	15
11	Saint-Flour-1	0	83	15
12	Saint-Flour-2	0	83	15
13	Saint-Paul-des-Landes	0	83	15
14	Vic-sur-Cère	0	83	15
15	Ydes	1	83	15
01	Angoulême-1	1	54	16
02	Angoulême-2	1	54	16
03	Angoulême-3	1	54	16
04	Boëme-Echelle	0	54	16
05	Boixe-et-Manslois	0	54	16
06	Charente-Bonnieure	0	54	16
07	Charente-Champagne	0	54	16
08	Charente-Nord	0	54	16
09	Charente-Sud	0	54	16
10	Charente-Vienne	0	54	16
11	Cognac-1	0	54	16
12	Cognac-2	0	54	16
13	Couronne	3	54	16
14	Gond-Pontouvre	0	54	16
15	Jarnac	0	54	16
16	Touvre-et-Braconne	0	54	16
17	Tude-et-Lavalette	0	54	16
18	Val de Nouère	0	54	16
19	Val de Tardoire	0	54	16
01	Aytré	1	54	17
02	Chaniers	0	54	17
03	Châtelaillon-Plage	0	54	17
04	Île d'Oléron	5	54	17
05	Île de Ré	5	54	17
06	Jarrie	3	54	17
07	Jonzac	0	54	17
08	Lagord	0	54	17
09	Marans	0	54	17
10	Marennes	0	54	17
11	Matha	0	54	17
12	Pons	0	54	17
13	Rochefort	0	54	17
14	Rochelle-1	3	54	17
15	Rochelle-2	3	54	17
16	Rochelle-3	3	54	17
17	Royan	0	54	17
18	Saint-Jean-d'Angély	0	54	17
19	Saint-Porchaire	0	54	17
20	Saintes	0	54	17
21	Saintonge Estuaire	0	54	17
22	Saujon	0	54	17
23	Surgères	0	54	17
24	Thénac	0	54	17
25	Tonnay-Charente	0	54	17
26	Tremblade	3	54	17
27	Trois Monts	4	54	17
01	Aubigny-sur-Nère	1	24	18
02	Avord	1	24	18
03	Bourges-1	0	24	18
04	Bourges-2	0	24	18
05	Bourges-3	0	24	18
06	Bourges-4	0	24	18
07	Chârost	0	24	18
08	Châteaumeillant	0	24	18
09	Dun-sur-Auron	0	24	18
10	Guerche-sur-l'Aubois	3	24	18
11	Mehun-sur-Yèvre	0	24	18
12	Saint-Amand-Montrond	0	24	18
13	Saint-Doulchard	0	24	18
14	Saint-Germain-du-Puy	0	24	18
15	Saint-Martin-d'Auxigny	0	24	18
16	Sancerre	0	24	18
17	Trouy	0	24	18
18	Vierzon-1	0	24	18
19	Vierzon-2	0	24	18
01	Allassac	1	74	19
02	Argentat	1	74	19
03	Brive-la-Gaillarde-1	0	74	19
04	Brive-la-Gaillarde-2	0	74	19
05	Brive-la-Gaillarde-3	0	74	19
06	Brive-la-Gaillarde-4	0	74	19
07	Égletons	1	74	19
08	Haute-Dordogne	0	74	19
09	Malemort-sur-Corrèze	0	74	19
10	Midi Corrézien	0	74	19
11	Naves	0	74	19
12	Plateau de Millevaches	0	74	19
13	Saint-Pantaléon-de-Larche	0	74	19
14	Sainte-Fortunade	0	74	19
15	Seilhac-Monédières	0	74	19
16	Tulle	0	74	19
17	Ussel	1	74	19
18	Uzerche	1	74	19
19	Yssandonnais	5	74	19
01	Ajaccio-1	1	94	2A
02	Ajaccio-2	1	94	2A
03	Ajaccio-3	1	94	2A
04	Ajaccio-4	1	94	2A
05	Ajaccio-5	1	94	2A
06	Bavella	0	94	2A
07	Grand Sud	0	94	2A
08	Gravona-Prunelli	0	94	2A
09	Sartenais-Valinco	0	94	2A
10	Sevi-Sorru-Cinarca	0	94	2A
11	Taravo-Ornano	0	94	2A
01	Bastia-1	0	94	2B
02	Bastia-2	0	94	2B
03	Bastia-3	0	94	2B
04	Bastia-4	0	94	2B
05	Biguglia-Nebbio	0	94	2B
06	Borgo	0	94	2B
07	Calvi	0	94	2B
08	Cap Corse	0	94	2B
09	Casinca-Fumalto	0	94	2B
10	Castagniccia	0	94	2B
11	Corte	0	94	2B
12	Fiumorbo-Castello	0	94	2B
13	Ghisonaccia	0	94	2B
14	Golo-Morosaglia	0	94	2B
15	île-Rousse	5	94	2B
01	Arnay-le-Duc	1	26	21
02	Auxonne	1	26	21
03	Beaune	0	26	21
04	Brazey-en-Plaine	0	26	21
05	Châtillon-sur-Seine	0	26	21
06	Chenôve	0	26	21
07	Chevigny-Saint-Sauveur	0	26	21
08	Dijon-1	0	26	21
09	Dijon-2	0	26	21
10	Dijon-3	0	26	21
11	Dijon-4	0	26	21
12	Dijon-5	0	26	21
13	Dijon-6	0	26	21
14	Fontaine-lès-Dijon	0	26	21
15	Genlis	0	26	21
16	Is-sur-Tille	1	26	21
17	Ladoix-Serrigny	0	26	21
18	Longvic	0	26	21
19	Montbard	0	26	21
20	Nuits-Saint-Georges	0	26	21
21	Saint-Apollinaire	0	26	21
22	Semur-en-Auxois	0	26	21
23	Talant	0	26	21
01	Bégard	0	53	22
02	Broons	0	53	22
03	Callac	0	53	22
04	Dinan	0	53	22
05	Guingamp	0	53	22
06	Lamballe	0	53	22
07	Lannion	0	53	22
08	Lanvallay	0	53	22
09	Loudéac	0	53	22
10	Mûr-de-Bretagne	0	53	22
11	Paimpol	0	53	22
12	Perros-Guirec	0	53	22
13	Plaintel	0	53	22
14	Plancoët	0	53	22
15	Plélo	0	53	22
16	Plénée-Jugon	0	53	22
17	Pléneuf-Val-André	0	53	22
18	Plérin	0	53	22
19	Pleslin-Trigavou	0	53	22
20	Plestin-les-Grèves	0	53	22
21	Ploufragan	0	53	22
22	Plouha	0	53	22
23	Rostrenen	0	53	22
24	Saint-Brieuc-1	0	53	22
25	Saint-Brieuc-2	0	53	22
26	Trégueux	0	53	22
27	Tréguier	0	53	22
01	Ahun	1	74	23
02	Aubusson	1	74	23
03	Auzances	1	74	23
04	Bonnat	0	74	23
05	Bourganeuf	0	74	23
06	Boussac	0	74	23
07	Dun-le-Palestel	0	74	23
08	Évaux-les-Bains	1	74	23
09	Felletin	0	74	23
10	Gouzon	0	74	23
11	Grand-Bourg	2	74	23
12	Guéret-1	0	74	23
13	Guéret-2	0	74	23
14	Saint-Vaury	0	74	23
15	Souterraine	3	74	23
01	Bergerac-1	0	72	24
02	Bergerac-2	0	72	24
03	Brantôme	0	72	24
04	Coulounieix-Chamiers	0	72	24
05	Haut-Périgord Noir	2	72	24
06	Isle-Loue-Auvézère	1	72	24
07	Isle-Manoire	1	72	24
08	Lalinde	0	72	24
09	Montpon-Ménestérol	0	72	24
10	Pays de la Force	0	72	24
11	Pays de Montaigne et Gurson	0	72	24
12	Périgord Central	0	72	24
13	Périgord Vert Nontronnais	0	72	24
14	Périgueux-1	0	72	24
15	Périgueux-2	0	72	24
16	Ribérac	0	72	24
17	Saint-Astier	0	72	24
18	Sarlat-la-Canéda	0	72	24
19	Sud-Bergeracois	0	72	24
20	Terrasson-Lavilledieu	0	72	24
21	Thiviers	0	72	24
22	Trélissac	0	72	24
23	Vallée Dordogne	0	72	24
24	Vallée de l'Isle	0	72	24
25	Vallée de l'Homme	0	72	24
01	Audincourt	1	43	25
02	Baume-les-Dames	0	43	25
03	Bavans	0	43	25
04	Besançon-1	0	43	25
05	Besançon-2	0	43	25
06	Besançon-3	0	43	25
07	Besançon-4	0	43	25
08	Besançon-5	0	43	25
09	Besançon-6	0	43	25
10	Bethoncourt	0	43	25
11	Frasne	0	43	25
12	Maîche	0	43	25
13	Montbéliard	0	43	25
14	Morteau	0	43	25
15	Ornans	1	43	25
16	Pontarlier	0	43	25
17	Saint-Vit	0	43	25
18	Valdahon	0	43	25
19	Valentigney	0	43	25
01	Bourg-de-Péage	0	82	26
02	Crest	0	82	26
03	Dieulefit	0	82	26
04	Diois	2	82	26
05	Drôme des collines	0	82	26
06	Grignan	0	82	26
07	Loriol-sur-Drôme	0	82	26
08	Montélimar-1	0	82	26
09	Montélimar-2	0	82	26
10	Nyons et Baronnies	0	82	26
11	Romans-sur-Isère	0	82	26
12	Saint-Vallier	0	82	26
13	Tain-l'Hermitage	0	82	26
14	Tricastin	2	82	26
15	Valence-1	0	82	26
16	Valence-2	0	82	26
17	Valence-3	0	82	26
18	Valence-4	0	82	26
19	Vercors-Monts du Matin	0	82	26
01	Andelys	4	23	27
02	Bernay	0	23	27
03	Beuzeville	0	23	27
04	Bourg-Achard	0	23	27
05	Bourgtheroulde-Infreville	0	23	27
06	Breteuil	0	23	27
07	Brionne	0	23	27
08	Conches-en-Ouche	0	23	27
09	Évreux-1	1	23	27
10	Évreux-2	1	23	27
11	Évreux-3	1	23	27
12	Gaillon	0	23	27
13	Gisors	0	23	27
14	Louviers	0	23	27
15	Neubourg	2	23	27
16	Pacy-sur-Eure	0	23	27
17	Pont-Audemer	0	23	27
18	Pont-de-l'Arche	0	23	27
19	Romilly-sur-Andelle	0	23	27
20	Saint-André-de-l'Eure	0	23	27
21	Val-de-Reuil	0	23	27
22	Verneuil-sur-Avre	0	23	27
23	Vernon	0	23	27
01	Anet	1	24	28
02	Auneau	1	24	28
03	Brou	0	24	28
04	Chartres-1	0	24	28
05	Chartres-2	0	24	28
06	Chartres-3	0	24	28
07	Châteaudun	0	24	28
08	Dreux-1	0	24	28
09	Dreux-2	0	24	28
10	Épernon	1	24	28
11	Illiers-Combray	1	24	28
12	Lucé	0	24	28
13	Nogent-le-Rotrou	0	24	28
14	Saint-Lubin-des-Joncherets	0	24	28
15	Voves	0	24	28
01	Brest-1	0	53	29
02	Brest-2	0	53	29
03	Brest-3	0	53	29
04	Brest-4	0	53	29
05	Brest-5	0	53	29
06	Briec	0	53	29
07	Carhaix-Plouguer	0	53	29
08	Concarneau	0	53	29
09	Crozon	0	53	29
10	Douarnenez	0	53	29
11	Fouesnant	0	53	29
12	Guipavas	0	53	29
13	Landerneau	0	53	29
14	Landivisiau	0	53	29
15	Lesneven	0	53	29
16	Moëlan-sur-Mer	0	53	29
17	Morlaix	0	53	29
18	Plabennec	0	53	29
19	Plonéour-Lanvern	0	53	29
20	Plouigneau	0	53	29
21	Pont-de-Buis-lès-Quimerch	0	53	29
22	Pont-l'Abbé	0	53	29
23	Quimper-1	0	53	29
24	Quimper-2	0	53	29
25	Quimperlé	0	53	29
26	Saint-Pol-de-Léon	0	53	29
27	Saint-Renan	0	53	29
01	Aigues-Mortes	1	91	30
02	Alès-1	1	91	30
03	Alès-2	1	91	30
04	Alès-3	1	91	30
05	Bagnols-sur-Cèze	0	91	30
06	Beaucaire	0	91	30
07	Calvisson	0	91	30
08	Grand-Combe	3	91	30
09	Marguerittes	0	91	30
10	Nîmes-1	0	91	30
11	Nîmes-2	0	91	30
12	Nîmes-3	0	91	30
13	Nîmes-4	0	91	30
14	Pont-Saint-Esprit	0	91	30
15	Quissac	0	91	30
16	Redessan	0	91	30
17	Roquemaure	0	91	30
18	Rousson	0	91	30
19	Saint-Gilles	0	91	30
20	Uzès	1	91	30
21	Vauvert	0	91	30
22	Vigan	2	91	30
23	Villeneuve-lès-Avignon	0	91	30
01	Auterive	1	73	31
02	Bagnères-de-Luchon	0	73	31
03	Blagnac	0	73	31
04	Castanet-Tolosan	0	73	31
05	Castelginest	0	73	31
06	Cazères	0	73	31
07	Escalquens	1	73	31
08	Léguevin	0	73	31
09	Muret	0	73	31
10	Pechbonnieu	0	73	31
11	Plaisance-du-Touch	0	73	31
12	Portet-sur-Garonne	0	73	31
13	Revel	0	73	31
14	Saint-Gaudens	0	73	31
15	Toulouse-1	0	73	31
16	Toulouse-2	0	73	31
17	Toulouse-3	0	73	31
18	Toulouse-4	0	73	31
19	Toulouse-5	0	73	31
20	Toulouse-6	0	73	31
21	Toulouse-7	0	73	31
22	Toulouse-8	0	73	31
23	Toulouse-9	0	73	31
24	Toulouse-10	0	73	31
25	Toulouse-11	0	73	31
26	Tournefeuille	0	73	31
27	Villemur-sur-Tarn	0	73	31
01	Adour-Gersoise	1	73	32
02	Armagnac-Ténarèze	1	73	32
03	Astarac-Gimone	1	73	32
04	Auch-1	1	73	32
05	Auch-2	1	73	32
06	Auch-3	1	73	32
07	Baïse-Armagnac	0	73	32
08	Fezensac	0	73	32
09	Fleurance-Lomagne	0	73	32
10	Gascogne-Auscitaine	0	73	32
11	Gimone-Arrats	0	73	32
12	Grand-Bas-Armagnac	0	73	32
13	Isle-Jourdain	5	73	32
14	Lectoure-Lomagne	0	73	32
15	Mirande-Astarac	0	73	32
16	Pardiac-Rivière-Basse	0	73	32
17	Val de Save	0	73	32
01	Andernos-les-Bains	1	72	33
02	Bordeaux-1	0	72	33
03	Bordeaux-2	0	72	33
04	Bordeaux-3	0	72	33
05	Bordeaux-4	0	72	33
06	Bordeaux-5	0	72	33
07	Bouscat	2	72	33
08	Brède	3	72	33
09	Cenon	0	72	33
10	Coteaux de Dordogne	4	72	33
11	Créon	0	72	33
12	Entre-Deux-Mers	5	72	33
13	Estuaire	5	72	33
14	Gujan-Mestras	0	72	33
15	Landes des Graves	4	72	33
16	Libournais-Fronsadais	2	72	33
17	Lormont	0	72	33
18	Mérignac-1	0	72	33
19	Mérignac-2	0	72	33
20	Nord-Gironde	2	72	33
21	Nord-Libournais	2	72	33
22	Nord-Médoc	2	72	33
23	Pessac-1	0	72	33
24	Pessac-2	0	72	33
25	Portes du Médoc	4	72	33
26	Presqu'île	3	72	33
27	Réolais et Les Bastides	2	72	33
28	Saint-Médard-en-Jalles	0	72	33
29	Sud-Gironde	2	72	33
30	Sud-Médoc	2	72	33
31	Talence	0	72	33
32	Teste-de-Buch	3	72	33
33	Villenave-d'Ornon	0	72	33
01	Agde	1	91	34
02	Béziers-1	0	91	34
03	Béziers-2	0	91	34
04	Béziers-3	0	91	34
05	Cazouls-lès-Béziers	0	91	34
06	Clermont-l'Hérault	0	91	34
07	Crès	2	91	34
08	Frontignan	0	91	34
09	Gignac	0	91	34
10	Lattes	0	91	34
11	Lodève	0	91	34
12	Lunel	0	91	34
13	Mauguio	0	91	34
14	Mèze	0	91	34
15	Montpellier-1	0	91	34
16	Montpellier-2	0	91	34
17	Montpellier-3	0	91	34
18	Montpellier-4	0	91	34
19	Montpellier-5	0	91	34
20	Montpellier - Castelnau-le-Lez	0	91	34
21	Pézenas	0	91	34
22	Pignan	0	91	34
23	Saint-Gély-du-Fesc	0	91	34
24	Saint-Pons-de-Thomières	0	91	34
25	Sète	0	91	34
01	Antrain	1	53	35
02	Bain-de-Bretagne	0	53	35
03	Betton	0	53	35
04	Bruz	0	53	35
05	Châteaugiron	0	53	35
06	Combourg	0	53	35
07	Dol-de-Bretagne	0	53	35
08	Fougères-1	0	53	35
09	Fougères-2	0	53	35
10	Guerche-de-Bretagne	3	53	35
11	Guichen	0	53	35
12	Janzé	0	53	35
13	Liffré	0	53	35
14	Melesse	0	53	35
15	Montauban-de-Bretagne	0	53	35
16	Montfort-sur-Meu	0	53	35
17	Redon	0	53	35
18	Rennes-1	0	53	35
19	Rennes-2	0	53	35
20	Rennes-3	0	53	35
21	Rennes-4	0	53	35
22	Rennes-5	0	53	35
23	Rennes-6	0	53	35
24	Rheu	2	53	35
25	Saint-Malo-1	0	53	35
26	Saint-Malo-2	0	53	35
27	Vitré	0	53	35
01	Ardentes	1	24	36
02	Argenton-sur-Creuse	1	24	36
03	Blanc	2	24	36
04	Buzançais	0	24	36
05	Châteauroux-1	0	24	36
06	Châteauroux-2	0	24	36
07	Châteauroux-3	0	24	36
08	Châtre	3	24	36
09	Issoudun	1	24	36
10	Levroux	0	24	36
11	Neuvy-Saint-Sépulchre	0	24	36
12	Saint-Gaultier	0	24	36
13	Valençay	0	24	36
01	Amboise	1	24	37
02	Ballan-Miré	0	24	37
03	Bléré	0	24	37
04	Château-Renault	0	24	37
05	Chinon	0	24	37
06	Descartes	0	24	37
07	Joué-lès-Tours	0	24	37
08	Langeais	0	24	37
09	Loches	0	24	37
10	Montlouis-sur-Loire	0	24	37
11	Monts	0	24	37
12	Saint-Cyr-sur-Loire	0	24	37
13	Sainte-Maure-de-Touraine	0	24	37
14	Saint-Pierre-des-Corps	0	24	37
15	Tours-1	0	24	37
16	Tours-2	0	24	37
17	Tours-3	0	24	37
18	Tours-4	0	24	37
19	Vouvray	0	24	37
01	Bièvre	0	82	38
02	Bourgoin-Jallieu	0	82	38
03	Chartreuse-Guiers	0	82	38
04	Charvieu-Chavagneux	0	82	38
05	Échirolles	1	82	38
06	Fontaine-Seyssinet	0	82	38
07	Fontaine-Vercors	0	82	38
08	Grand-Lemps	2	82	38
09	Grenoble-1	0	82	38
10	Grenoble-2	0	82	38
11	Grenoble-3	0	82	38
12	Grenoble-4	0	82	38
13	Haut-Grésivaudan	2	82	38
14	Isle-d'Abeau	5	82	38
15	Matheysine-Trièves	0	82	38
16	Meylan	0	82	38
17	Morestel	0	82	38
18	Moyen Grésivaudan	2	82	38
19	Oisans-Romanche	1	82	38
20	Pont-de-Claix	2	82	38
21	Roussillon	0	82	38
22	Saint-Martin-d'Hères	0	82	38
23	Sud Grésivaudan	2	82	38
24	Tour-du-Pin	3	82	38
25	Tullins	0	82	38
26	Verpillière	3	82	38
27	Vienne-1	0	82	38
28	Vienne-2	0	82	38
29	Voiron	0	82	38
01	Arbois	1	43	39
02	Authume	1	43	39
03	Bletterans	0	43	39
04	Champagnole	0	43	39
05	Dole-1	0	43	39
06	Dole-2	0	43	39
07	Lons-le-Saunier-1	0	43	39
08	Lons-le-Saunier-2	0	43	39
09	Moirans-en-Montagne	0	43	39
10	Mont-sous-Vaudrey	0	43	39
11	Morez	0	43	39
12	Poligny	0	43	39
13	Saint-Amour	0	43	39
14	Saint-Claude	0	43	39
15	Saint-Laurent-en-Grandvaux	0	43	39
16	Saint-Lupicin	0	43	39
17	Tavaux	0	43	39
01	Adour Armagnac	1	72	40
02	Chalosse Tursan	0	72	40
03	Côte d'Argent	0	72	40
04	Coteau de Chalosse	0	72	40
05	Dax-1	0	72	40
06	Dax-2	0	72	40
07	Grands Lacs	0	72	40
08	Haute Lande Armagnac	0	72	40
09	Marensin Sud	0	72	40
10	Mont-de-Marsan-1	0	72	40
11	Mont-de-Marsan-2	0	72	40
12	Orthe et Arrigans	1	72	40
13	Pays morcenais tarusate	0	72	40
14	Pays Tyrossais	0	72	40
15	Seignanx	0	72	40
01	Beauce	3	24	41
02	Blois-1	0	24	41
03	Blois-2	0	24	41
04	Blois-3	0	24	41
05	Chambord	0	24	41
06	Montoire-sur-le-Loir	0	24	41
07	Montrichard	0	24	41
08	Onzain	1	24	41
09	Perche	2	24	41
10	Romorantin-Lanthenay	0	24	41
11	Saint-Aignan	0	24	41
12	Selles-sur-Cher	0	24	41
13	Sologne	3	24	41
14	Vendôme	0	24	41
15	Vineuil	0	24	41
01	Andrézieux-Bouthéon	1	82	42
02	Boën-sur-Lignon	0	82	42
03	Charlieu	0	82	42
04	Coteau	2	82	42
05	Feurs	0	82	42
06	Firminy	0	82	42
07	Montbrison	0	82	42
08	Pilat	2	82	42
09	Renaison	0	82	42
10	Rive-de-Gier	0	82	42
11	Roanne-1	0	82	42
12	Roanne-2	0	82	42
13	Saint-Chamond	0	82	42
14	Saint-Etienne-1	0	82	42
15	Saint-Etienne-2	0	82	42
16	Saint-Etienne-3	0	82	42
17	Saint-Etienne-4	0	82	42
18	Saint-Etienne-5	0	82	42
19	Saint-Etienne-6	0	82	42
20	Saint-Just-Saint-Rambert	0	82	42
21	Sorbiers	0	82	42
01	Aurec-sur-Loire	1	83	43
02	Bas-en-Basset	0	83	43
03	Boutières	0	83	43
04	Brioude	0	83	43
05	Deux Rivières et Vallées	4	83	43
06	Emblavez-et-Meygal	1	83	43
07	Gorges de l'Allier-Gévaudan	0	83	43
08	Mézenc	0	83	43
09	Monistrol-sur-Loire	0	83	43
10	Pays de Lafayette	0	83	43
11	Plateau du Haut-Velay granitique	0	83	43
12	Puy-en-Velay-1	2	83	43
13	Puy-en-Velay-2	2	83	43
14	Puy-en-Velay-3	2	83	43
15	Puy-en-Velay-4	2	83	43
16	Saint-Paulien	0	83	43
17	Sainte-Florine	0	83	43
18	Velay volcanique	0	83	43
19	Yssingeaux	1	83	43
01	Ancenis	1	52	44
02	Baule-Escoublac	3	52	44
03	Blain	0	52	44
04	Carquefou	0	52	44
05	Chapelle-sur-Erdre	3	52	44
06	Châteaubriant	0	52	44
07	Clisson	0	52	44
08	Guémené-Penfao	0	52	44
09	Guérande	0	52	44
10	Machecoul	0	52	44
11	Nantes-1	0	52	44
12	Nantes-2	0	52	44
13	Nantes-3	0	52	44
14	Nantes-4	0	52	44
15	Nantes-5	0	52	44
16	Nantes-6	0	52	44
17	Nantes-7	0	52	44
18	Nort-sur-Erdre	0	52	44
19	Pontchâteau	0	52	44
20	Pornic	0	52	44
21	Rezé-1	0	52	44
22	Rezé-2	0	52	44
23	Saint-Brevin-les-Pins	0	52	44
24	Saint-Herblain-1	0	52	44
25	Saint-Herblain-2	0	52	44
26	Saint-Nazaire-1	0	52	44
27	Saint-Nazaire-2	0	52	44
28	Saint-Philbert-de-Grand-Lieu	0	52	44
29	Saint-Sébastien-sur-Loire	0	52	44
30	Vallet	0	52	44
31	Vertou	0	52	44
01	Beaugency	0	24	45
02	Châlette-sur-Loing	0	24	45
03	Châteauneuf-sur-Loire	0	24	45
04	Courtenay	0	24	45
05	Ferté-Saint-Aubin	3	24	45
06	Fleury-les-Aubrais	0	24	45
07	Gien	0	24	45
08	Lorris	0	24	45
09	Malesherbes	0	24	45
10	Meung-sur-Loire	0	24	45
11	Montargis	0	24	45
12	Olivet	1	24	45
13	Orléans-1	1	24	45
14	Orléans-2	1	24	45
15	Orléans-3	1	24	45
16	Orléans-4	1	24	45
17	Pithiviers	0	24	45
18	Saint-Jean-de-Braye	0	24	45
19	Saint-Jean-de-la-Ruelle	0	24	45
20	Saint-Jean-le-Blanc	0	24	45
21	Sully-sur-Loire	0	24	45
01	Cahors-1	0	73	46
02	Cahors-2	0	73	46
03	Cahors-3	0	73	46
04	Causse et Bouriane	0	73	46
05	Causse et Vallées	0	73	46
06	Cère et Ségala	0	73	46
07	Figeac-1	0	73	46
08	Figeac-2	0	73	46
09	Gourdon	0	73	46
10	Gramat	0	73	46
11	Lacapelle-Marival	0	73	46
12	Luzech	0	73	46
13	Marches du Sud-Quercy	0	73	46
14	Martel	0	73	46
15	Puy-l'Evêque	0	73	46
16	Saint-Céré	0	73	46
17	Souillac	0	73	46
01	Agen-1	1	72	47
02	Agen-2	1	72	47
03	Agen-3	1	72	47
04	Agen-4	1	72	47
05	Albret	5	72	47
06	Confluent	2	72	47
07	Coteaux de Guyenne	4	72	47
08	Forêts de Gascogne	4	72	47
09	Fumélois	2	72	47
10	Haut Agenais Périgord	2	72	47
11	Lavardac	0	72	47
12	Livradais	2	72	47
13	Marmande-1	0	72	47
14	Marmande-2	0	72	47
15	Ouest agenais	5	72	47
16	Pays de Serres	2	72	47
17	Sud-Est agenais	2	72	47
18	Tonneins	0	72	47
19	Val du Dropt	2	72	47
20	Villeneuve-sur-Lot-1	0	72	47
21	Villeneuve-sur-Lot-2	0	72	47
01	Aumont-Aubrac	1	91	48
02	Canourgue	3	91	48
03	Chirac	0	91	48
04	Collet-de-Dèze	2	91	48
05	Florac	0	91	48
06	Grandrieu	0	91	48
07	Langogne	0	91	48
08	Marvejols	0	91	48
09	Mende-1	0	91	48
10	Mende-2	0	91	48
11	Saint-Alban-sur-Limagnole	0	91	48
12	Saint-Chély-d'Apcher	0	91	48
13	Saint-Etienne-du-Valdonnez	0	91	48
01	Angers-1	1	52	49
02	Angers-2	1	52	49
03	Angers-3	1	52	49
04	Angers-4	1	52	49
05	Angers-5	1	52	49
06	Angers-6	1	52	49
07	Angers-7	1	52	49
08	Beaufort-en-Vallée	0	52	49
09	Beaupréau	0	52	49
10	Chalonnes-sur-Loire	0	52	49
11	Chemillé-Melay	0	52	49
12	Cholet-1	0	52	49
13	Cholet-2	0	52	49
14	Doué-la-Fontaine	0	52	49
15	Longué-Jumelles	0	52	49
16	Pommeraye	3	52	49
17	Ponts-de-Cé	4	52	49
18	Saint-Macaire-en-Mauges	0	52	49
19	Saumur	0	52	49
20	Segré	0	52	49
21	Tiercé	0	52	49
01	Agon-Coutainville	1	25	50
02	Avranches	1	25	50
03	Bréhal	0	25	50
04	Bricquebec	0	25	50
05	Carentan	0	25	50
06	Cherbourg-Octeville-1	0	25	50
07	Cherbourg-Octeville-2	0	25	50
08	Cherbourg-Octeville-3	0	25	50
09	Condé-sur-Vire	0	25	50
10	Coutances	0	25	50
11	Créances	0	25	50
12	Équeurdreville-Hainneville	1	25	50
13	Granville	0	25	50
14	Hague	3	25	50
15	Isigny-le-Buat	1	25	50
16	Mortainais	2	25	50
17	Pieux	4	25	50
18	Pont-Hébert	0	25	50
19	Pontorson	0	25	50
20	Quettreville-sur-Sienne	0	25	50
21	Saint-Hilaire-du-Harcouët	0	25	50
22	Saint-Lô-1	0	25	50
23	Saint-Lô-2	0	25	50
24	Tourlaville	0	25	50
25	Valognes	0	25	50
26	Val-de-Saire	0	25	50
27	Villedieu-les-Poêles	0	25	50
01	Argonne Suippe et Vesle	1	21	51
02	Bourgogne	0	21	51
03	Châlons-en-Champagne-1	0	21	51
04	Châlons-en-Champagne-2	0	21	51
05	Châlons-en-Champagne-3	0	21	51
06	Dormans-Paysages de Champagne	0	21	51
07	Épernay-1	1	21	51
08	Épernay-2	1	21	51
09	Fismes-Montagne de Reims	0	21	51
10	Mourmelon-Vesle et Monts de Champagne	0	21	51
11	Reims-1	0	21	51
12	Reims-2	0	21	51
13	Reims-3	0	21	51
14	Reims-4	0	21	51
15	Reims-5	0	21	51
16	Reims-6	0	21	51
17	Reims-7	0	21	51
18	Reims-8	0	21	51
19	Reims-9	0	21	51
20	Sermaize-les-Bains	0	21	51
21	Sézanne-Brie et Champagne	0	21	51
22	Vertus-Plaine Champenoise	0	21	51
23	Vitry-le-François-Champagne et Der	0	21	51
01	Bologne	0	21	52
02	Bourbonne-les-Bains	0	21	52
03	Chalindrey	0	21	52
04	Châteauvillain	0	21	52
05	Chaumont-1	0	21	52
06	Chaumont-2	0	21	52
07	Chaumont-3	0	21	52
08	Eurville-Bienville	1	21	52
09	Joinville	0	21	52
10	Langres	0	21	52
11	Nogent	0	21	52
12	Poissons	0	21	52
13	Saint-Dizier-1	0	21	52
14	Saint-Dizier-2	0	21	52
15	Saint-Dizier-3	0	21	52
16	Villegusien-le-Lac	0	21	52
17	Wassy	0	21	52
01	Azé	1	52	53
02	Bonchamp-lès-Laval	0	52	53
03	Château-Gontier	0	52	53
04	Cossé-le-Vivien	0	52	53
05	Ernée	1	52	53
06	Évron	1	52	53
07	Gorron	0	52	53
08	Huisserie	5	52	53
09	Lassay-les-Châteaux	0	52	53
10	Laval-1	0	52	53
11	Laval-2	0	52	53
12	Laval-3	0	52	53
13	Loiron	0	52	53
14	Mayenne	0	52	53
15	Meslay-du-Maine	0	52	53
16	Saint-Berthevin	0	52	53
17	Villaines-la-Juhel	0	52	53
01	Baccarat	0	41	54
02	Entre Seille et Meurthe	1	41	54
03	Grand Couronné	0	41	54
04	Jarny	0	41	54
05	Jarville-la-Malgrange	0	41	54
06	Laxou	0	41	54
07	Longwy	0	41	54
08	Lunéville-1	0	41	54
09	Lunéville-2	0	41	54
10	Meine au Saintois	0	41	54
11	Mont-Saint-Martin	0	41	54
12	Nancy-1	0	41	54
13	Nancy-2	0	41	54
14	Nancy-3	0	41	54
15	Neuves-Maisons	0	41	54
16	Nord-Toulois	2	41	54
17	Pays de Briey	0	41	54
18	Pont-à-Mousson	0	41	54
19	Saint-Max	0	41	54
20	Toul	0	41	54
21	Val de Lorraine Sud	0	41	54
22	Vandœuvre-lès-Nancy	0	41	54
23	Villerupt	0	41	54
01	Ancerville	1	41	55
02	Bar-le-Duc-1	0	41	55
03	Bar-le-Duc-2	0	41	55
04	Belleville-sur-Meuse	0	41	55
05	Bouligny	0	41	55
06	Clermont-en-Argonne	0	41	55
07	Commercy	0	41	55
08	Dieue-sur-Meuse	0	41	55
09	Étain	1	41	55
10	Ligny-en-Barrois	0	41	55
11	Montmédy	0	41	55
12	Revigny-sur-Ornain	0	41	55
13	Saint-Mihiel	0	41	55
14	Stenay	0	41	55
15	Vaucouleurs	0	41	55
16	Verdun-1	0	41	55
17	Verdun-2	0	41	55
01	Auray	1	53	56
02	Gourin	0	53	56
03	Grand-Champ	0	53	56
04	Guer	0	53	56
05	Guidel	0	53	56
06	Hennebont	1	53	56
07	Lanester	0	53	56
08	Lorient-1	0	53	56
09	Lorient-2	0	53	56
10	Moréac	0	53	56
11	Muzillac	0	53	56
12	Ploemeur	0	53	56
13	Ploërmel	0	53	56
14	Pluvigner	0	53	56
15	Pontivy	0	53	56
16	Questembert	0	53	56
17	Quiberon	0	53	56
18	Séné	0	53	56
19	Vannes-1	0	53	56
20	Vannes-2	0	53	56
21	Vannes-3	0	53	56
01	Algrange	1	41	57
02	Bitche	0	41	57
03	Boulay-Moselle	0	41	57
04	Bouzonville	0	41	57
05	Coteaux de Moselle	4	41	57
06	Fameck	0	41	57
07	Faulquemont	0	41	57
08	Forbach	0	41	57
09	Freyming-Merlebach	0	41	57
10	Hayange	1	41	57
11	Metz-1	0	41	57
12	Metz-2	0	41	57
13	Metz-3	0	41	57
14	Metzervisse	0	41	57
15	Montigny-lès-Metz	0	41	57
16	Pays Messin	2	41	57
17	Phalsbourg	0	41	57
18	Rombas	0	41	57
19	Saint-Avold	0	41	57
20	Sarralbe	0	41	57
21	Sarrebourg	0	41	57
22	Sarreguemines	0	41	57
23	Saulnois	2	41	57
24	Sillon Mosellan	2	41	57
25	Stiring-Wendel	0	41	57
26	Thionville	0	41	57
27	Yutz	1	41	57
01	Charité-sur-Loire	3	26	58
02	Château-Chinon	0	26	58
03	Clamecy	0	26	58
04	Corbigny	0	26	58
05	Cosne-Cours-sur-Loire	0	26	58
06	Decize	0	26	58
07	Fourchambault	0	26	58
08	Guérigny	0	26	58
09	Imphy	1	26	58
10	Luzy	0	26	58
11	Nevers-1	0	26	58
12	Nevers-2	0	26	58
13	Nevers-3	0	26	58
14	Nevers-4	0	26	58
15	Pouilly-sur-Loire	0	26	58
16	Saint-Pierre-le-Moûtier	0	26	58
17	Varennes-Vauzelles	0	26	58
01	Aniche	1	31	59
02	Annœullin	1	31	59
03	Anzin	1	31	59
04	Armentières	1	31	59
05	Aulnoye-Aymeries	1	31	59
06	Aulnoy-lez-Valenciennes	1	31	59
07	Avesnes-sur-Helpe	1	31	59
08	Bailleul	0	31	59
09	Cambrai	0	31	59
10	Cateau-Cambrésis	2	31	59
11	Caudry	0	31	59
12	Coudekerque-Branche	0	31	59
13	Croix	0	31	59
14	Denain	0	31	59
15	Douai	0	31	59
16	Dunkerque-1	0	31	59
17	Dunkerque-2	0	31	59
18	Faches-Thumesnil	0	31	59
19	Fourmies	0	31	59
20	Grande-Synthe	0	31	59
21	Hazebrouck	1	31	59
22	Lambersart	0	31	59
23	Lille-1	0	31	59
24	Lille-2	0	31	59
25	Lille-3	0	31	59
26	Lille-4	0	31	59
27	Lille-5	0	31	59
28	Lille-6	0	31	59
29	Marly	0	31	59
30	Maubeuge	0	31	59
31	Orchies	1	31	59
32	Roubaix-1	0	31	59
33	Roubaix-2	0	31	59
34	Saint-Amand-les-Eaux	0	31	59
35	Sin-le-Noble	0	31	59
36	Templeuve	0	31	59
37	Tourcoing-1	0	31	59
38	Tourcoing-2	0	31	59
39	Valenciennes	0	31	59
40	Villeneuve-d'Ascq	0	31	59
41	Wormhout	0	31	59
01	Beauvais-1	0	22	60
02	Beauvais-2	0	22	60
03	Chantilly	0	22	60
04	Chaumont-en-Vexin	0	22	60
05	Clermont	0	22	60
06	Compiègne-1	0	22	60
07	Compiègne-2	0	22	60
08	Creil	0	22	60
09	Crépy-en-Valois	0	22	60
10	Estrées-Saint-Denis	1	22	60
11	Grandvilliers	0	22	60
12	Méru	0	22	60
13	Montataire	0	22	60
14	Mouy	0	22	60
15	Nanteuil-le-Haudouin	0	22	60
16	Nogent-sur-Oise	0	22	60
17	Noyon	0	22	60
18	Pont-Sainte-Maxence	0	22	60
19	Saint-Just-en-Chaussée	0	22	60
20	Senlis	0	22	60
21	Thourotte	0	22	60
01	Aigle	5	25	61
02	Alençon-1	1	25	61
03	Alençon-2	1	25	61
04	Argentan-1	1	25	61
05	Argentan-2	1	25	61
06	Athis-de-l'Orne	1	25	61
07	Bagnoles-de-l'Orne	0	25	61
08	Bretoncelles	0	25	61
09	Ceton	0	25	61
10	Damigny	0	25	61
11	Domfront	0	25	61
12	Ferté-Macé	3	25	61
13	Flers-1	0	25	61
14	Flers-2	0	25	61
15	Magny-le-Désert	0	25	61
16	Mortagne-au-Perche	0	25	61
17	Radon	0	25	61
18	Rai	0	25	61
19	Sées	0	25	61
20	Tourouvre	0	25	61
21	Vimoutiers	0	25	61
01	Aire-sur-la-Lys	1	31	62
02	Arras-1	1	31	62
03	Arras-2	1	31	62
04	Arras-3	1	31	62
05	Auchel	1	31	62
06	Auxi-le-Château	1	31	62
07	Avesnes-le-Comte	1	31	62
08	Avion	1	31	62
09	Bapaume	0	31	62
10	Berck	0	31	62
11	Béthune	0	31	62
12	Beuvry	0	31	62
13	Boulogne-sur-Mer-1	0	31	62
14	Boulogne-sur-Mer-2	0	31	62
15	Brebières	0	31	62
16	Bruay-la-Buissière	0	31	62
17	Bully-les-Mines	0	31	62
18	Calais-1	0	31	62
19	Calais-2	0	31	62
20	Calais-3	0	31	62
21	Carvin	0	31	62
22	Desvres	0	31	62
23	Douvrin	0	31	62
24	Étaples	1	31	62
25	Fruges	0	31	62
26	Harnes	0	31	62
27	Hénin-Beaumont-1	1	31	62
28	Hénin-Beaumont-2	1	31	62
29	Lens	0	31	62
30	Liévin	0	31	62
31	Lillers	0	31	62
32	Longuenesse	0	31	62
33	Lumbres	0	31	62
34	Marck	0	31	62
35	Nœux-les-Mines	0	31	62
36	Outreau	1	31	62
37	Saint-Omer	0	31	62
38	Saint-Pol-sur-Ternoise	0	31	62
39	Wingles	0	31	62
01	Aigueperse	1	83	63
02	Ambert	1	83	63
03	Aubière	1	83	63
04	Beaumont	0	83	63
05	Billom	0	83	63
06	Brassac-les-Mines	0	83	63
07	Cébazat	0	83	63
08	Chamalières	0	83	63
09	Châtel-Guyon	0	83	63
10	Clermont-Ferrand-1	0	83	63
11	Clermont-Ferrand-2	0	83	63
12	Clermont-Ferrand-3	0	83	63
13	Clermont-Ferrand-4	0	83	63
14	Clermont-Ferrand-5	0	83	63
15	Clermont-Ferrand-6	0	83	63
16	Cournon-d'Auvergne	0	83	63
17	Gerzat	0	83	63
18	Issoire	1	83	63
19	Lezoux	0	83	63
20	Maringues	0	83	63
21	Martres-de-Veyre	4	83	63
22	Monts du Livradois	4	83	63
23	Orcines	1	83	63
24	Pont-du-Château	0	83	63
25	Riom	0	83	63
26	Saint-Éloy-les-Mines	0	83	63
27	Saint-Georges-de-Mons	0	83	63
28	Saint-Ours	0	83	63
29	Sancy	2	83	63
30	Thiers	0	83	63
31	Vic-le-Comte	0	83	63
01	Anglet	1	72	64
02	Artix et Pays de Soubestre	1	72	64
03	Baïgura et Mondarrain	0	72	64
04	Bayonne-1	0	72	64
05	Bayonne-2	0	72	64
06	Bayonne-3	0	72	64
07	Biarritz	0	72	64
08	Billère et Coteaux de Jurançon	0	72	64
09	Cœur de Béarn	2	72	64
10	Hendaye-Côte Basque-Sud	1	72	64
11	Lescar, Gave et Terres du Pont-Long	0	72	64
12	Montagne Basque	0	72	64
13	Nive-Adour	0	72	64
14	Oloron-Sainte-Marie-1	1	72	64
15	Oloron-Sainte-Marie-2	1	72	64
16	Orthez et Terres des Gaves et du Sel	1	72	64
17	Ouzom, Gave et Rives du Neez	1	72	64
18	Pau-1	0	72	64
19	Pau-2	0	72	64
20	Pau-3	0	72	64
21	Pau-4	0	72	64
22	Pays de Bidache, Amikuze et Ostibarre	0	72	64
23	Pays de Morlaàs et du Montanérès	0	72	64
24	Saint-Jean-de-Luz	0	72	64
25	Terres des Luys et Coteaux du Vic-Bilh	0	72	64
26	Ustaritz-Vallées de Nive et Nivelle	1	72	64
27	Vallées de l'Ousse et du Lagoin	0	72	64
01	Aureilhan	1	73	65
02	Bordères-sur-l'Echez	0	73	65
03	Coteaux	4	73	65
04	Haute-Bigorre	3	73	65
05	Lourdes-1	0	73	65
06	Lourdes-2	0	73	65
07	Moyen Adour	0	73	65
08	Neste, Aure et Louron	0	73	65
09	Ossun	1	73	65
10	Tarbes-1	0	73	65
11	Tarbes-2	0	73	65
12	Tarbes-3	0	73	65
13	Val d'Adour-Rustan-Madiranais	0	73	65
14	Vallée de l'Arros et des Baïses	3	73	65
15	Vallée de la Barousse	3	73	65
16	Vallée des Gaves	3	73	65
17	Vic-en-Bigorre	0	73	65
01	Aspres	4	91	66
02	Canigou	2	91	66
03	Côte Sableuse	3	91	66
04	Côte Salanquaise	3	91	66
05	Côte Vermeille	3	91	66
06	Perpignan-1	0	91	66
07	Perpignan-2	0	91	66
08	Perpignan-3	0	91	66
09	Perpignan-4	0	91	66
10	Perpignan-5	0	91	66
11	Perpignan-6	0	91	66
12	Plaine d'Illibéris	3	91	66
13	Pyrénées catalanes	4	91	66
14	Ribéral	2	91	66
15	Vallée de l'Agly	3	91	66
16	Vallée de la Têt	3	91	66
17	Vallespir-Albères	0	91	66
01	Bischwiller	0	42	67
02	Bouxwiller	0	42	67
03	Brumath	0	42	67
04	Erstein	1	42	67
05	Haguenau	0	42	67
06	Hœnheim	0	42	67
07	Illkirch-Graffenstaden	1	42	67
08	Ingwiller	1	42	67
09	Lingolsheim	0	42	67
10	Molsheim	0	42	67
11	Mutzig	0	42	67
12	Obernai	1	42	67
13	Reichshoffen	0	42	67
14	Saverne	0	42	67
15	Schiltigheim	0	42	67
16	Sélestat	0	42	67
17	Strasbourg-1	0	42	67
18	Strasbourg-2	0	42	67
19	Strasbourg-3	0	42	67
20	Strasbourg-4	0	42	67
21	Strasbourg-5	0	42	67
22	Strasbourg-6	0	42	67
23	Wissembourg	0	42	67
01	Altkirch	1	42	68
02	Brunstatt	0	42	68
03	Cernay	0	42	68
04	Colmar-1	0	42	68
05	Colmar-2	0	42	68
06	Ensisheim	1	42	68
07	Guebwiller	0	42	68
08	Kingersheim	0	42	68
09	Masevaux	0	42	68
10	Mulhouse-1	0	42	68
11	Mulhouse-2	0	42	68
12	Mulhouse-3	0	42	68
13	Rixheim	0	42	68
14	Saint-Louis	0	42	68
15	Sainte-Marie-aux-Mines	0	42	68
16	Wintzenheim	0	42	68
17	Wittenheim	0	42	68
01	Anse	1	82	69
02	Arbresle	5	82	69
03	Belleville	0	82	69
04	Bois-d'Oingt	2	82	69
05	Brignais	0	82	69
06	Genas	0	82	69
07	Gleizé	0	82	69
08	Mornant	0	82	69
09	Saint-Symphorien-d'Ozon	0	82	69
10	Tarare	0	82	69
11	Thizy-les-Bourgs	0	82	69
12	Vaugneray	0	82	69
13	Villefranche-sur-Saône	0	82	69
01	Dampierre-sur-Salon	0	43	70
02	Gray	0	43	70
03	Héricourt-1	1	43	70
04	Héricourt-2	1	43	70
05	Jussey	0	43	70
06	Lure-1	0	43	70
07	Lure-2	0	43	70
08	Luxeuil-les-Bains	0	43	70
09	Marnay	0	43	70
10	Mélisey	0	43	70
11	Port-sur-Saône	0	43	70
12	Rioz	0	43	70
13	Saint-Loup-sur-Semouse	0	43	70
14	Scey-sur-Saône-et-Saint-Albin	0	43	70
15	Vesoul-1	0	43	70
16	Vesoul-2	0	43	70
17	Villersexel	0	43	70
01	Autun-1	1	26	71
02	Autun-2	1	26	71
03	Blanzy	0	26	71
04	Chagny	0	26	71
05	Chalon-sur-Saône-1	0	26	71
06	Chalon-sur-Saône-2	0	26	71
07	Chalon-sur-Saône-3	0	26	71
08	Chapelle-de-Guinchay	3	26	71
09	Charolles	0	26	71
10	Chauffailles	0	26	71
11	Cluny	0	26	71
12	Creusot-1	2	26	71
13	Creusot-2	2	26	71
14	Cuiseaux	0	26	71
15	Digoin	0	26	71
16	Gergy	0	26	71
17	Givry	0	26	71
18	Gueugnon	0	26	71
19	Hurigny	1	26	71
20	Louhans	0	26	71
21	Mâcon-1	0	26	71
22	Mâcon-2	0	26	71
23	Montceau-les-Mines	0	26	71
24	Ouroux-sur-Saône	1	26	71
25	Paray-le-Monial	0	26	71
26	Pierre-de-Bresse	0	26	71
27	Saint-Rémy	0	26	71
28	Saint-Vallier	0	26	71
29	Tournus	0	26	71
01	Bonnétable	0	52	72
02	Changé	0	52	72
03	Château-du-Loir	0	52	72
04	Écommoy	1	52	72
05	Ferté-Bernard	3	52	72
06	Flèche	3	52	72
07	Loué	0	52	72
08	Lude	2	52	72
09	Mamers	0	52	72
10	Mans-1	2	52	72
11	Mans-2	2	52	72
12	Mans-3	2	52	72
13	Mans-4	2	52	72
14	Mans-5	2	52	72
15	Mans-6	2	52	72
16	Mans-7	2	52	72
17	Sablé-sur-Sarthe	0	52	72
18	Saint-Calais	0	52	72
19	Savigné-l'Évêque	0	52	72
20	Sillé-le-Guillaume	0	52	72
21	Suze-sur-Sarthe	3	52	72
01	Aix-les-Bains-1	1	82	73
02	Aix-les-Bains-2	1	82	73
03	Albertville-1	1	82	73
04	Albertville-2	1	82	73
05	Bourg-Saint-Maurice	0	82	73
06	Bugey savoyard	0	82	73
07	Chambéry-1	0	82	73
08	Chambéry-2	0	82	73
09	Chambéry-3	0	82	73
10	Modane	0	82	73
11	Montmélian	0	82	73
12	Motte-Servolex	3	82	73
13	Moûtiers	0	82	73
14	Pont-de-Beauvoisin	2	82	73
15	Ravoire	3	82	73
16	Saint-Alban-Leysse	0	82	73
17	Saint-Jean-de-Maurienne	0	82	73
18	Saint-Pierre-d'Albigny	0	82	73
19	Ugine	1	82	73
01	Annecy-1	1	82	74
02	Annecy-2	1	82	74
03	Annecy-le-Vieux	1	82	74
04	Annemasse	1	82	74
05	Bonneville	0	82	74
06	Cluses	0	82	74
07	Évian-les-Bains	1	82	74
08	Faverges	0	82	74
09	Gaillard	0	82	74
10	Mont-Blanc	2	82	74
11	Roche-sur-Foron	3	82	74
12	Rumilly	0	82	74
13	Saint-Julien-en-Genevois	0	82	74
14	Sallanches	0	82	74
15	Sciez	0	82	74
16	Seynod	0	82	74
17	Thonon-les-Bains	0	82	74
01	Barentin	0	23	76
02	Bois-Guillaume	0	23	76
03	Bolbec	0	23	76
04	Canteleu	0	23	76
05	Caudebec-lès-Elbeuf	0	23	76
06	Darnétal	0	23	76
07	Dieppe-1	0	23	76
08	Dieppe-2	0	23	76
09	Elbeuf	1	23	76
10	Eu	1	23	76
11	Fécamp	0	23	76
12	Gournay-en-Bray	0	23	76
13	Grand-Quevilly	2	23	76
14	Havre-1	2	23	76
15	Havre-2	2	23	76
16	Havre-3	2	23	76
17	Havre-4	2	23	76
18	Havre-5	2	23	76
19	Havre-6	2	23	76
20	Luneray	0	23	76
21	Mesnil-Esnard	2	23	76
22	Mont-Saint-Aignan	0	23	76
23	Neufchâtel-en-Bray	0	23	76
24	Notre-Dame-de-Bondeville	0	23	76
25	Notre-Dame-de-Gravenchon	0	23	76
26	Octeville-sur-Mer	1	23	76
27	Petit-Quevilly	2	23	76
28	Rouen-1	0	23	76
29	Rouen-2	0	23	76
30	Rouen-3	0	23	76
31	Saint-Étienne-du-Rouvray	0	23	76
32	Saint-Romain-de-Colbosc	0	23	76
33	Saint-Valery-en-Caux	0	23	76
34	Sotteville-lès-Rouen	0	23	76
35	Yvetot	1	23	76
01	Champs-sur-Marne	0	11	77
02	Chelles	0	11	77
03	Claye-Souilly	0	11	77
04	Combs-la-Ville	0	11	77
05	Coulommiers	0	11	77
06	Ferté-sous-Jouarre	3	11	77
07	Fontainebleau	0	11	77
08	Fontenay-Trésigny	0	11	77
09	Lagny-sur-Marne	0	11	77
10	Meaux	0	11	77
11	Melun	0	11	77
12	Mitry-Mory	0	11	77
13	Montereau-Fault-Yonne	0	11	77
14	Nangis	0	11	77
15	Nemours	0	11	77
16	Ozoir-la-Ferrière	1	11	77
17	Pontault-Combault	0	11	77
18	Provins	0	11	77
19	Saint-Fargeau-Ponthierry	0	11	77
20	Savigny-le-Temple	0	11	77
21	Serris	0	11	77
22	Torcy	0	11	77
23	Villeparisis	0	11	77
01	Aubergenville	1	11	78
02	Bonnières-sur-Seine	0	11	78
03	Chatou	0	11	78
04	Chesnay	2	11	78
05	Conflans-Sainte-Honorine	0	11	78
06	Houilles	1	11	78
07	Limay	0	11	78
08	Mantes-la-Jolie	0	11	78
09	Maurepas	0	11	78
10	Montigny-le-Bretonneux	0	11	78
11	Mureaux	4	11	78
12	Plaisir	0	11	78
13	Poissy	0	11	78
14	Rambouillet	0	11	78
15	Saint-Cyr-l'École	0	11	78
16	Saint-Germain-en-Laye	0	11	78
17	Sartrouville	0	11	78
18	Trappes	0	11	78
19	Verneuil-sur-Seine	0	11	78
20	Versailles-1	0	11	78
21	Versailles-2	0	11	78
01	Autize-Egray	1	54	79
02	Bressuire	0	54	79
03	Celles-sur-Belle	0	54	79
04	Cerizay	0	54	79
05	Frontenay-Rohan-Rohan	0	54	79
06	Gâtine	3	54	79
07	Mauléon	0	54	79
08	Melle	0	54	79
09	Mignon-et-Boutonne	0	54	79
10	Niort-1	0	54	79
11	Niort-2	0	54	79
12	Niort-3	0	54	79
13	Parthenay	0	54	79
14	Plaine Niortaise	3	54	79
15	Saint-Maixent-l'École	0	54	79
16	Thouars	0	54	79
17	Val de Thouet	2	54	79
01	Abbeville-1	1	22	80
02	Abbeville-2	1	22	80
03	Ailly-sur-Noye	1	22	80
04	Ailly-sur-Somme	1	22	80
05	Albert	1	22	80
06	Amiens-1	1	22	80
07	Amiens-2	1	22	80
08	Amiens-3	1	22	80
09	Amiens-4	1	22	80
10	Amiens-5	1	22	80
11	Amiens-6	1	22	80
12	Amiens-7	1	22	80
13	Corbie	0	22	80
14	Doullens	0	22	80
15	Flixecourt	0	22	80
16	Friville-Escarbotin	0	22	80
17	Gamaches	0	22	80
18	Ham	0	22	80
19	Moreuil	0	22	80
20	Péronne	0	22	80
21	Poix-de-Picardie	0	22	80
22	Roye	0	22	80
23	Rue	0	22	80
01	Albi-1	1	73	81
02	Albi-2	1	73	81
03	Albi-3	1	73	81
04	Albi-4	1	73	81
05	Carmaux-1 Le Ségala	0	73	81
06	Carmaux-2 Vallée du Cérou	0	73	81
07	Castres-1	0	73	81
08	Castres-2	0	73	81
09	Castres-3	0	73	81
10	Deux Rives	4	73	81
11	Gaillac	0	73	81
12	Graulhet	0	73	81
13	Haut Dadou	2	73	81
14	Hautes Terres d'Oc	4	73	81
15	Lavaur Cocagne	0	73	81
16	Mazamet-1	0	73	81
17	Mazamet-2 Vallée du Thoré	0	73	81
18	Montagne noire	3	73	81
19	Pastel	2	73	81
20	Plaine de l'Agoût	0	73	81
21	Portes du Tarn	4	73	81
22	Saint-Juéry	0	73	81
23	Vignobles et Bastides	0	73	81
01	Aveyron-Lère	1	73	82
02	Beaumont-de-Lomagne	0	73	82
03	Castelsarrasin	0	73	82
04	Garonne-Lomagne-Brulhois	0	73	82
05	Moissac	0	73	82
06	Montauban-1	0	73	82
07	Montauban-2	0	73	82
08	Montauban-3	0	73	82
09	Montech	0	73	82
10	Pays de Serres Sud-Quercy	0	73	82
11	Quercy-Aveyron	0	73	82
12	Quercy-Rouergue	0	73	82
13	Tarn-Tescou-Quercy vert	0	73	82
14	Valence	0	73	82
15	Verdun-sur-Garonne	0	73	82
01	Brignoles	0	93	83
02	Crau	3	93	83
03	Draguignan	0	93	83
04	Flayosc	0	93	83
05	Fréjus	0	93	83
06	Garde	3	93	83
07	Garéoult	0	93	83
08	Hyères	1	93	83
09	Luc	2	93	83
10	Ollioules	1	93	83
11	Roquebrune-sur-Argens	0	93	83
12	Saint-Cyr-sur-Mer	0	93	83
13	Saint-Maximin-la-Sainte-Baume	0	93	83
14	Saint-Raphaël	0	93	83
15	Sainte-Maxime	0	93	83
16	Seyne-sur-Mer-1	3	93	83
17	Seyne-sur-Mer-2	3	93	83
18	Solliès-Pont	0	93	83
19	Toulon-1	0	93	83
20	Toulon-2	0	93	83
21	Toulon-3	0	93	83
22	Toulon-4	0	93	83
23	Vidauban	0	93	83
01	Apt	1	93	84
02	Avignon-1	1	93	84
03	Avignon-2	1	93	84
04	Avignon-3	1	93	84
05	Bollène	0	93	84
06	Carpentras	0	93	84
07	Cavaillon	0	93	84
08	Cheval-Blanc	0	93	84
09	Isle-sur-la-Sorgue	5	93	84
10	Monteux	0	93	84
11	Orange	1	93	84
12	Pernes-les-Fontaines	0	93	84
13	Pertuis	0	93	84
14	Pontet	2	93	84
15	Sorgues	0	93	84
16	Vaison-la-Romaine	0	93	84
17	Valréas	0	93	84
01	Aizenay	1	52	85
02	Challans	0	52	85
03	Chantonnay	0	52	85
04	Châtaigneraie	3	52	85
05	Fontenay-le-Comte	0	52	85
06	Herbiers	4	52	85
07	île-d'Yeu	5	52	85
08	Luçon	0	52	85
09	Mareuil-sur-Lay-Dissais	0	52	85
10	Montaigu	0	52	85
11	Mortagne-sur-Sèvre	0	52	85
12	Roche-sur-Yon-1	3	52	85
13	Roche-sur-Yon-2	3	52	85
14	Sables-d'Olonne	4	52	85
15	Saint-Hilaire-de-Riez	0	52	85
16	Saint-Jean-de-Monts	0	52	85
17	Talmont-Saint-Hilaire	0	52	85
01	Chasseneuil-du-Poitou	0	54	86
02	Châtellerault-1	0	54	86
03	Châtellerault-2	0	54	86
04	Châtellerault-3	0	54	86
05	Chauvigny	0	54	86
06	Civray	0	54	86
07	Jaunay-Clan	0	54	86
08	Loudun	0	54	86
09	Lusignan	0	54	86
10	Lussac-les-Châteaux	0	54	86
11	Migné-Auxances	0	54	86
12	Montmorillon	0	54	86
13	Poitiers-1	0	54	86
14	Poitiers-2	0	54	86
15	Poitiers-3	0	54	86
16	Poitiers-4	0	54	86
17	Poitiers-5	0	54	86
18	Vivonne	0	54	86
19	Vouneuil-sous-Biard	0	54	86
01	Aixe-sur-Vienne	1	74	87
02	Ambazac	1	74	87
03	Bellac	0	74	87
04	Châteauponsac	0	74	87
05	Condat-sur-Vienne	0	74	87
06	Couzeix	0	74	87
07	Eymoutiers	1	74	87
08	Limoges-1	0	74	87
09	Limoges-2	0	74	87
10	Limoges-3	0	74	87
11	Limoges-4	0	74	87
12	Limoges-5	0	74	87
13	Limoges-6	0	74	87
14	Limoges-7	0	74	87
15	Limoges-8	0	74	87
16	Limoges-9	0	74	87
17	Panazol	0	74	87
18	Rochechouart	0	74	87
19	Saint-Junien	0	74	87
20	Saint-Léonard-de-Noblat	0	74	87
21	Saint-Yrieix-la-Perche	0	74	87
01	Bresse	3	41	88
02	Bruyères	0	41	88
03	Charmes	0	41	88
04	Darney	0	41	88
05	Épinal-1	1	41	88
06	Épinal-2	1	41	88
07	Gérardmer	0	41	88
08	Golbey	0	41	88
09	Mirecourt	0	41	88
10	Neufchâteau	0	41	88
11	Raon-l'Etape	0	41	88
12	Remiremont	0	41	88
13	Saint-Dié-des-Vosges-1	0	41	88
14	Saint-Dié-des-Vosges-2	0	41	88
15	Thillot	2	41	88
16	Val-d'Ajol	2	41	88
17	Vittel	0	41	88
01	Auxerre-1	1	26	89
02	Auxerre-2	1	26	89
03	Auxerre-3	1	26	89
04	Auxerre-4	1	26	89
05	Avallon	1	26	89
06	Brienon-sur-Armançon	0	26	89
07	Chablis	0	26	89
08	Charny	0	26	89
09	Cœur de Puisaye	0	26	89
10	Gâtinais en Bourgogne	0	26	89
11	Joigny	0	26	89
12	Joux-la-Ville	0	26	89
13	Migennes	0	26	89
14	Pont-sur-Yonne	0	26	89
15	Saint-Florentin	0	26	89
16	Sens-1	0	26	89
17	Sens-2	0	26	89
18	Thorigny-sur-Oreuse	0	26	89
19	Tonnerrois	0	26	89
20	Villeneuve-sur-Yonne	0	26	89
21	Vincelles	0	26	89
01	Bavilliers	0	43	90
02	Belfort-1	0	43	90
03	Belfort-2	0	43	90
04	Belfort-3	0	43	90
05	Châtenois-les-Forges	0	43	90
06	Delle	0	43	90
07	Giromagny	0	43	90
08	Grandvillars	0	43	90
09	Valdoie	0	43	90
01	Arpajon	1	11	91
02	Athis-Mons	1	11	91
03	Brétigny-sur-Orge	0	11	91
04	Corbeil-Essonnes	0	11	91
05	Dourdan	0	11	91
06	Draveil	0	11	91
07	Épinay-sous-Sénart	1	11	91
08	Étampes	1	11	91
09	Évry	1	11	91
10	Gif-sur-Yvette	0	11	91
11	Longjumeau	0	11	91
12	Massy	0	11	91
13	Mennecy	0	11	91
14	Palaiseau	0	11	91
15	Ris-Orangis	0	11	91
16	Sainte-Geneviève-des-Bois	0	11	91
17	Savigny-sur-Orge	0	11	91
18	Ulis	4	11	91
19	Vigneux-sur-Seine	0	11	91
20	Viry-Châtillon	0	11	91
21	Yerres	1	11	91
01	Antony	1	11	92
02	Asnières-sur-Seine	1	11	92
03	Bagneux	0	11	92
04	Boulogne-Billancourt-1	0	11	92
05	Boulogne-Billancourt-2	0	11	92
06	Châtenay-Malabry	0	11	92
07	Châtillon	0	11	92
08	Clamart	0	11	92
09	Clichy	0	11	92
10	Colombes-1	0	11	92
11	Colombes-2	0	11	92
12	Courbevoie-1	0	11	92
13	Courbevoie-2	0	11	92
14	Gennevilliers	0	11	92
15	Issy-les-Moulineaux	1	11	92
16	Levallois-Perret	0	11	92
17	Meudon	0	11	92
18	Montrouge	0	11	92
19	Nanterre-1	0	11	92
20	Nanterre-2	0	11	92
21	Neuilly-sur-Seine	0	11	92
22	Rueil-Malmaison	0	11	92
23	Saint-Cloud	0	11	92
01	Aubervilliers	1	11	93
02	Aulnay-sous-Bois	1	11	93
03	Bagnolet	0	11	93
04	Blanc-Mesnil	2	11	93
05	Bobigny	0	11	93
06	Bondy	0	11	93
07	Courneuve	3	11	93
08	Drancy	0	11	93
09	Épinay-sur-Seine	1	11	93
10	Gagny	0	11	93
11	Livry-Gargan	0	11	93
12	Montreuil-1	0	11	93
13	Montreuil-2	0	11	93
14	Noisy-le-Grand	0	11	93
15	Pantin	0	11	93
16	Saint-Denis-1	0	11	93
17	Saint-Denis-2	0	11	93
18	Saint-Ouen	0	11	93
19	Sevran	0	11	93
20	Tremblay-en-France	0	11	93
21	Villemomble	0	11	93
01	Alfortville	1	11	94
02	Cachan	0	11	94
03	Champigny-sur-Marne-1	0	11	94
04	Champigny-sur-Marne-2	0	11	94
05	Charenton-le-Pont	0	11	94
06	Choisy-le-Roi	0	11	94
07	Créteil-1	0	11	94
08	Créteil-2	0	11	94
09	Fontenay-sous-Bois	0	11	94
10	Haÿ-les-Roses	5	11	94
11	Ivry-sur-Seine	1	11	94
12	Kremlin-Bicêtre	2	11	94
13	Maisons-Alfort	0	11	94
14	Nogent-sur-Marne	0	11	94
15	Orly	1	11	94
16	Plateau briard	0	11	94
17	Saint-Maur-des-Fossés-1	0	11	94
18	Saint-Maur-des-Fossés-2	0	11	94
19	Thiais	0	11	94
20	Villejuif	0	11	94
21	Villeneuve-Saint-Georges	0	11	94
22	Villiers-sur-Marne	0	11	94
23	Vincennes	0	11	94
24	Vitry-sur-Seine-1	0	11	94
25	Vitry-sur-Seine-2	0	11	94
01	Argenteuil-1	1	11	95
02	Argenteuil-2	1	11	95
03	Argenteuil-3	1	11	95
04	Cergy-1	0	11	95
05	Cergy-2	0	11	95
06	Deuil-la-Barre	0	11	95
07	Domont	0	11	95
08	Ermont	1	11	95
09	Fosses	0	11	95
10	Franconville	0	11	95
11	Garges-lès-Gonesse	0	11	95
12	Goussainville	0	11	95
13	Herblay	1	11	95
14	Isle-Adam	5	11	95
15	Montmorency	0	11	95
16	Pontoise	0	11	95
17	Saint-Ouen-l'Aumône	0	11	95
18	Sarcelles	0	11	95
19	Taverny	0	11	95
20	Vauréal	0	11	95
21	Villiers-le-Bel	0	11	95
01	Abymes-1	4	01	971
02	Abymes-2	4	01	971
03	Abymes-3	4	01	971
04	Baie-Mahault-1	0	01	971
05	Baie-Mahault-2	0	01	971
06	Basse-Terre	0	01	971
07	Capesterre-Belle-Eau	0	01	971
08	Gosier	2	01	971
09	Lamentin	0	01	971
10	Marie-Galante	0	01	971
11	Moule	2	01	971
12	Morne-à-l'Eau	0	01	971
13	Petit-Bourg	0	01	971
14	Petit-Canal	0	01	971
15	Pointe-à-Pitre	0	01	971
16	Saint-François	0	01	971
17	Sainte-Anne	0	01	971
18	Sainte-Rose-1	0	01	971
19	Sainte-Rose-2	0	01	971
20	Trois-Rivières	0	01	971
21	Vieux-Habitants	0	01	971
01	Étang-Salé	5	04	974
02	Port	2	04	974
03	Possession	3	04	974
04	Saint-André-1	0	04	974
05	Saint-André-2	0	04	974
06	Saint-André-3	0	04	974
07	Saint-Benoît-1	0	04	974
08	Saint-Benoît-2	0	04	974
09	Saint-Denis-1	0	04	974
10	Saint-Denis-2	0	04	974
11	Saint-Denis-3	0	04	974
12	Saint-Denis-4	0	04	974
13	Saint-Joseph	0	04	974
14	Saint-Leu	0	04	974
15	Saint-Louis-1	0	04	974
16	Saint-Louis-2	0	04	974
17	Saint-Paul-1	0	04	974
18	Saint-Paul-2	0	04	974
19	Saint-Paul-3	0	04	974
20	Saint-Pierre-1	0	04	974
21	Saint-Pierre-2	0	04	974
22	Saint-Pierre-3	0	04	974
23	Sainte-Marie	0	04	974
24	Tampon-1	2	04	974
25	Tampon-2	2	04	974
01	Bandraboua	0	06	976
02	Bouéni	0	06	976
03	Dembeni	0	06	976
04	Dzaoudzi	0	06	976
05	Koungou	0	06	976
06	Mamoudzou-1	0	06	976
07	Mamoudzou-2	0	06	976
08	Mamoudzou-3	0	06	976
09	Mtsamboro	0	06	976
10	Ouangani	1	06	976
11	Pamandzi	0	06	976
12	Sada	0	06	976
13	Tsingoni	0	06	976
